{"cameraMode":{"drawMode":0,"name":"Shaded","section":"Shading Mode"},"sceneLighting":false,"audioPlay":false,"sceneViewState":{"m_AlwaysRefresh":false,"showFog":true,"showSkybox":false,"showFlares":true,"showImageEffects":true,"showParticleSystems":true,"showVisualEffectGraphs":true,"m_FxEnabled":true},"in2DMode":false,"pivot":{"x":93.61776733398438,"y":28.429420471191408,"z":169.66644287109376},"rotation":{"x":-0.0006806302117183805,"y":-0.5144484043121338,"z":-0.0003645479155238718,"w":-0.8576855063438416},"size":48.86697006225586,"orthographic":false}